[{"id":13,"name":"Austria","iso_code":"AT","flag_path":"at.png","lat":"47.516231","lng":"14.550072"},{"id":19,"name":"Bangladesh","iso_code":"BD","flag_path":"bd.png","lat":"23.684994","lng":"90.356331"},{"id":29,"name":"Brazil","iso_code":"BR","flag_path":"br.png","lat":"-14.235004","lng":"-51.92528"},{"id":36,"name":"Canada","iso_code":"CA","flag_path":"ca.png","lat":"56.130366","lng":"-106.346771"},{"id":41,"name":"Switzerland","iso_code":"CH","flag_path":"ch.png","lat":"46.818188","lng":"8.227512"},{"id":44,"name":"Chile","iso_code":"CL","flag_path":"cl.png","lat":"-35.675147","lng":"-71.542969"},{"id":47,"name":"Colombia","iso_code":"CO","flag_path":"co.png","lat":"4.570868","lng":"-74.297333"},{"id":48,"name":"Costa Rica","iso_code":"CR","flag_path":"cr.png","lat":"9.748917","lng":"-83.753428"},{"id":54,"name":"Germany","iso_code":"DE","flag_path":"de.png","lat":"51.165691","lng":"10.451526"},{"id":56,"name":"Denmark","iso_code":"DK","flag_path":"dk.png","lat":"56.26392","lng":"9.501785"},{"id":62,"name":"Egypt","iso_code":"EG","flag_path":"eg.png","lat":"26.820553","lng":"30.802498"},{"id":68,"name":"Fiji","iso_code":"FJ","flag_path":"fj.png","lat":"-16.578193","lng":"179.414413"},{"id":72,"name":"France","iso_code":"FR","flag_path":"fr.png","lat":"46.227638","lng":"2.213749"},{"id":74,"name":"UK","iso_code":"GB","flag_path":"gb.png","lat":"55.378051","lng":"-3.435973"},{"id":100,"name":"Ireland","iso_code":"IE","flag_path":"ie.png","lat":"53.41291","lng":"-8.24389"},{"id":101,"name":"Israel","iso_code":"IL","flag_path":"il.png","lat":"31.046051","lng":"34.851612"},{"id":103,"name":"India","iso_code":"IN","flag_path":"in.png","lat":"20.593684","lng":"78.96288"},{"id":106,"name":"Iran","iso_code":"IR","flag_path":"ir.png","lat":"32.427908","lng":"53.688046"},{"id":108,"name":"Italy","iso_code":"IT","flag_path":"it.png","lat":"41.87194","lng":"12.56738"},{"id":110,"name":"Jamaica","iso_code":"JM","flag_path":"jm.png","lat":"18.109581","lng":"-77.297508"},{"id":111,"name":"Jordan","iso_code":"JO","flag_path":"jo.png","lat":"30.585164","lng":"36.238414"},{"id":112,"name":"Japan","iso_code":"JP","flag_path":"jp.png","lat":"36.204824","lng":"138.252924"},{"id":120,"name":"South Korea","iso_code":"KR","flag_path":"kr.png","lat":"35.907757","lng":"127.766922"},{"id":128,"name":"Sri Lanka","iso_code":"LK","flag_path":"lk.png","lat":"7.873054","lng":"80.771797"},{"id":137,"name":"Moldova","iso_code":"MD","flag_path":"md.png","lat":"47.411631","lng":"28.369885"},{"id":144,"name":"Mongolia","iso_code":"MN","flag_path":"mn.png","lat":"46.862496","lng":"103.846656"},{"id":151,"name":"Mauritius","iso_code":"MU","flag_path":"mu.png","lat":"-20.348404","lng":"57.552152"},{"id":154,"name":"Mexico","iso_code":"MX","flag_path":"mx.png","lat":"23.634501","lng":"-102.552784"},{"id":155,"name":"Malaysia","iso_code":"MY","flag_path":"my.png","lat":"4.210484","lng":"101.975766"},{"id":161,"name":"Nigeria","iso_code":"NG","flag_path":"ng.png","lat":"9.081999","lng":"8.675277"},{"id":164,"name":"Norway","iso_code":"NO","flag_path":"no.png","lat":"60.472024","lng":"8.468946"},{"id":168,"name":"New Zealand","iso_code":"NZ","flag_path":"nz.png","lat":"-40.900557","lng":"174.885971"},{"id":171,"name":"Peru","iso_code":"PE","flag_path":"pe.png","lat":"-9.189967","lng":"-75.015152"},{"id":173,"name":"Papua New Guinea","iso_code":"PG","flag_path":"pg.png","lat":"-6.314993","lng":"143.95555"},{"id":187,"name":"Serbia","iso_code":"RS","flag_path":"rs.png","lat":"44.016521","lng":"21.005859"},{"id":189,"name":"Rwanda","iso_code":"RW","flag_path":"rw.png","lat":"-1.940278","lng":"29.873888"},{"id":190,"name":"Saudi Arabia","iso_code":"SA","flag_path":"sa.png","lat":"23.885942","lng":"45.079162"},{"id":191,"name":"Solomon Islands","iso_code":"SB","flag_path":"sb.png","lat":"-9.64571","lng":"160.156194"},{"id":195,"name":"Singapore","iso_code":"SG","flag_path":"sg.png","lat":"1.352083","lng":"103.819836"},{"id":213,"name":"Thailand","iso_code":"TH","flag_path":"th.png","lat":"15.870032","lng":"100.992541"},{"id":220,"name":"Turkey","iso_code":"TR","flag_path":"tr.png","lat":"38.963745","lng":"35.243322"},{"id":223,"name":"Taiwan","iso_code":"TW","flag_path":"tw.png","lat":"23.69781","lng":"120.960515"},{"id":226,"name":"Uganda","iso_code":"UG","flag_path":"ug.png","lat":"1.373333","lng":"32.290275"},{"id":228,"name":"USA","iso_code":"US","flag_path":"us.png","lat":"37.09024","lng":"-95.712891"},{"id":233,"name":"Venezuela","iso_code":"VE","flag_path":"ve.png","lat":"6.42375","lng":"-66.58973"},{"id":243,"name":"South Africa","iso_code":"ZA","flag_path":"za.png","lat":"-30.559482","lng":"22.937506"},{"id":2,"name":"UAE","iso_code":"AE","flag_path":"ae.png","lat":"23.424076","lng":"53.847818"},{"id":14,"name":"Australia","iso_code":"AU","flag_path":"au.png","lat":"-25.274398","lng":"133.775136"}]