[{"id":1,"indicator_id":1,"question_score":10,"taxonomy_id":1,"ultimate_fields_id":1,"development_types_id":1,"indicator_score":25,"question_id":1},{"id":2,"indicator_id":2,"question_score":15,"taxonomy_id":6,"ultimate_fields_id":1,"development_types_id":1,"indicator_score":25,"question_id":2},{"id":3,"indicator_id":1,"question_score":5,"taxonomy_id":1,"ultimate_fields_id":1,"development_types_id":1,"indicator_score":25,"question_id":3},{"id":4,"indicator_id":2,"question_score":5,"taxonomy_id":6,"ultimate_fields_id":1,"development_types_id":1,"indicator_score":25,"question_id":4},{"id":5,"indicator_id":1,"question_score":5,"taxonomy_id":1,"ultimate_fields_id":1,"development_types_id":1,"indicator_score":25,"question_id":5},{"id":6,"indicator_id":2,"question_score":5,"taxonomy_id":6,"ultimate_fields_id":1,"development_types_id":1,"indicator_score":25,"question_id":6},{"id":7,"indicator_id":1,"question_score":5,"taxonomy_id":1,"ultimate_fields_id":1,"development_types_id":1,"indicator_score":25,"question_id":7},{"id":8,"indicator_id":3,"question_score":10,"taxonomy_id":6,"ultimate_fields_id":1,"development_types_id":1,"indicator_score":20,"question_id":8},{"id":9,"indicator_id":4,"question_score":10,"taxonomy_id":1,"ultimate_fields_id":1,"development_types_id":1,"indicator_score":20,"question_id":9},{"id":10,"indicator_id":3,"question_score":6,"taxonomy_id":6,"ultimate_fields_id":1,"development_types_id":1,"indicator_score":20,"question_id":10},{"id":11,"indicator_id":4,"question_score":4,"taxonomy_id":1,"ultimate_fields_id":1,"development_types_id":1,"indicator_score":20,"question_id":11},{"id":12,"indicator_id":3,"question_score":4,"taxonomy_id":6,"ultimate_fields_id":1,"development_types_id":1,"indicator_score":20,"question_id":12},{"id":13,"indicator_id":4,"question_score":6,"taxonomy_id":1,"ultimate_fields_id":1,"development_types_id":1,"indicator_score":20,"question_id":13},{"id":14,"indicator_id":5,"question_score":7,"taxonomy_id":6,"ultimate_fields_id":1,"development_types_id":1,"indicator_score":10,"question_id":14},{"id":15,"indicator_id":6,"question_score":9,"taxonomy_id":1,"ultimate_fields_id":1,"development_types_id":1,"indicator_score":15,"question_id":15},{"id":16,"indicator_id":5,"question_score":3,"taxonomy_id":6,"ultimate_fields_id":1,"development_types_id":1,"indicator_score":10,"question_id":16},{"id":17,"indicator_id":6,"question_score":4,"taxonomy_id":1,"ultimate_fields_id":1,"development_types_id":1,"indicator_score":15,"question_id":17},{"id":18,"indicator_id":7,"question_score":10,"taxonomy_id":6,"ultimate_fields_id":1,"development_types_id":1,"indicator_score":10,"question_id":18},{"id":19,"indicator_id":6,"question_score":2,"taxonomy_id":1,"ultimate_fields_id":1,"development_types_id":1,"indicator_score":15,"question_id":19},{"id":21,"indicator_id":9,"question_score":15,"taxonomy_id":1,"ultimate_fields_id":1,"development_types_id":1,"indicator_score":15,"question_id":21},{"id":22,"indicator_id":8,"question_score":5,"taxonomy_id":6,"ultimate_fields_id":1,"development_types_id":1,"indicator_score":15,"question_id":22},{"id":23,"indicator_id":10,"question_score":7,"taxonomy_id":1,"ultimate_fields_id":1,"development_types_id":1,"indicator_score":15,"question_id":23},{"id":24,"indicator_id":11,"question_score":20,"taxonomy_id":6,"ultimate_fields_id":1,"development_types_id":1,"indicator_score":20,"question_id":24},{"id":25,"indicator_id":10,"question_score":5,"taxonomy_id":1,"ultimate_fields_id":1,"development_types_id":1,"indicator_score":15,"question_id":25},{"id":26,"indicator_id":12,"question_score":2,"taxonomy_id":7,"ultimate_fields_id":1,"development_types_id":1,"indicator_score":2,"question_id":26},{"id":27,"indicator_id":10,"question_score":3,"taxonomy_id":1,"ultimate_fields_id":1,"development_types_id":1,"indicator_score":15,"question_id":27},{"id":28,"indicator_id":13,"question_score":6,"taxonomy_id":7,"ultimate_fields_id":1,"development_types_id":1,"indicator_score":10,"question_id":28},{"id":29,"indicator_id":14,"question_score":10,"taxonomy_id":1,"ultimate_fields_id":1,"development_types_id":1,"indicator_score":10,"question_id":29},{"id":30,"indicator_id":13,"question_score":3,"taxonomy_id":7,"ultimate_fields_id":1,"development_types_id":1,"indicator_score":10,"question_id":30},{"id":31,"indicator_id":15,"question_score":15,"taxonomy_id":2,"ultimate_fields_id":1,"development_types_id":1,"indicator_score":30,"question_id":31},{"id":32,"indicator_id":13,"question_score":4,"taxonomy_id":7,"ultimate_fields_id":1,"development_types_id":1,"indicator_score":10,"question_id":32},{"id":33,"indicator_id":15,"question_score":7,"taxonomy_id":2,"ultimate_fields_id":1,"development_types_id":1,"indicator_score":30,"question_id":33},{"id":34,"indicator_id":16,"question_score":3,"taxonomy_id":7,"ultimate_fields_id":1,"development_types_id":1,"indicator_score":3,"question_id":34},{"id":36,"indicator_id":17,"question_score":10,"taxonomy_id":7,"ultimate_fields_id":1,"development_types_id":1,"indicator_score":10,"question_id":36},{"id":37,"indicator_id":15,"question_score":3,"taxonomy_id":2,"ultimate_fields_id":1,"development_types_id":1,"indicator_score":30,"question_id":37},{"id":38,"indicator_id":17,"question_score":8,"taxonomy_id":7,"ultimate_fields_id":1,"development_types_id":1,"indicator_score":10,"question_id":38},{"id":39,"indicator_id":18,"question_score":15,"taxonomy_id":2,"ultimate_fields_id":1,"development_types_id":1,"indicator_score":30,"question_id":8},{"id":40,"indicator_id":17,"question_score":5,"taxonomy_id":7,"ultimate_fields_id":1,"development_types_id":1,"indicator_score":10,"question_id":39},{"id":41,"indicator_id":18,"question_score":10,"taxonomy_id":2,"ultimate_fields_id":1,"development_types_id":1,"indicator_score":30,"question_id":40},{"id":42,"indicator_id":17,"question_score":2,"taxonomy_id":7,"ultimate_fields_id":1,"development_types_id":1,"indicator_score":10,"question_id":41},{"id":43,"indicator_id":18,"question_score":5,"taxonomy_id":2,"ultimate_fields_id":1,"development_types_id":1,"indicator_score":30,"question_id":42},{"id":44,"indicator_id":19,"question_score":25,"taxonomy_id":7,"ultimate_fields_id":1,"development_types_id":1,"indicator_score":25,"question_id":43},{"id":45,"indicator_id":7,"question_score":10,"taxonomy_id":2,"ultimate_fields_id":1,"development_types_id":1,"indicator_score":10,"question_id":44},{"id":46,"indicator_id":19,"question_score":20,"taxonomy_id":7,"ultimate_fields_id":1,"development_types_id":1,"indicator_score":25,"question_id":45},{"id":47,"indicator_id":20,"question_score":10,"taxonomy_id":2,"ultimate_fields_id":1,"development_types_id":1,"indicator_score":15,"question_id":46},{"id":48,"indicator_id":19,"question_score":15,"taxonomy_id":7,"ultimate_fields_id":1,"development_types_id":1,"indicator_score":25,"question_id":47},{"id":49,"indicator_id":20,"question_score":5,"taxonomy_id":2,"ultimate_fields_id":1,"development_types_id":1,"indicator_score":15,"question_id":48},{"id":50,"indicator_id":19,"question_score":10,"taxonomy_id":7,"ultimate_fields_id":1,"development_types_id":1,"indicator_score":25,"question_id":49},{"id":51,"indicator_id":21,"question_score":10,"taxonomy_id":2,"ultimate_fields_id":1,"development_types_id":1,"indicator_score":10,"question_id":50},{"id":52,"indicator_id":19,"question_score":5,"taxonomy_id":7,"ultimate_fields_id":1,"development_types_id":1,"indicator_score":25,"question_id":51},{"id":53,"indicator_id":22,"question_score":5,"taxonomy_id":2,"ultimate_fields_id":1,"development_types_id":1,"indicator_score":5,"question_id":52},{"id":54,"indicator_id":23,"question_score":25,"taxonomy_id":7,"ultimate_fields_id":1,"development_types_id":1,"indicator_score":25,"question_id":53},{"id":55,"indicator_id":24,"question_score":10,"taxonomy_id":3,"ultimate_fields_id":1,"development_types_id":1,"indicator_score":10,"question_id":54},{"id":56,"indicator_id":23,"question_score":20,"taxonomy_id":7,"ultimate_fields_id":1,"development_types_id":1,"indicator_score":25,"question_id":55},{"id":57,"indicator_id":24,"question_score":8,"taxonomy_id":3,"ultimate_fields_id":1,"development_types_id":1,"indicator_score":10,"question_id":56},{"id":58,"indicator_id":23,"question_score":15,"taxonomy_id":7,"ultimate_fields_id":1,"development_types_id":1,"indicator_score":25,"question_id":57},{"id":59,"indicator_id":24,"question_score":5,"taxonomy_id":3,"ultimate_fields_id":1,"development_types_id":1,"indicator_score":10,"question_id":58},{"id":60,"indicator_id":23,"question_score":10,"taxonomy_id":7,"ultimate_fields_id":1,"development_types_id":1,"indicator_score":25,"question_id":59},{"id":61,"indicator_id":25,"question_score":20,"taxonomy_id":3,"ultimate_fields_id":1,"development_types_id":1,"indicator_score":20,"question_id":60},{"id":62,"indicator_id":23,"question_score":5,"taxonomy_id":7,"ultimate_fields_id":1,"development_types_id":1,"indicator_score":25,"question_id":61},{"id":63,"indicator_id":25,"question_score":15,"taxonomy_id":3,"ultimate_fields_id":1,"development_types_id":1,"indicator_score":20,"question_id":62},{"id":64,"indicator_id":26,"question_score":2,"taxonomy_id":7,"ultimate_fields_id":1,"development_types_id":1,"indicator_score":2,"question_id":63},{"id":65,"indicator_id":25,"question_score":10,"taxonomy_id":3,"ultimate_fields_id":1,"development_types_id":1,"indicator_score":20,"question_id":64},{"id":66,"indicator_id":27,"question_score":2,"taxonomy_id":7,"ultimate_fields_id":1,"development_types_id":1,"indicator_score":4,"question_id":65},{"id":67,"indicator_id":25,"question_score":8,"taxonomy_id":3,"ultimate_fields_id":1,"development_types_id":1,"indicator_score":20,"question_id":66},{"id":68,"indicator_id":27,"question_score":2,"taxonomy_id":7,"ultimate_fields_id":1,"development_types_id":1,"indicator_score":4,"question_id":67},{"id":69,"indicator_id":25,"question_score":5,"taxonomy_id":3,"ultimate_fields_id":1,"development_types_id":1,"indicator_score":20,"question_id":68},{"id":71,"indicator_id":29,"question_score":20,"taxonomy_id":3,"ultimate_fields_id":1,"development_types_id":1,"indicator_score":20,"question_id":70},{"id":72,"indicator_id":28,"question_score":12,"taxonomy_id":7,"ultimate_fields_id":1,"development_types_id":1,"indicator_score":15,"question_id":71},{"id":73,"indicator_id":29,"question_score":15,"taxonomy_id":3,"ultimate_fields_id":1,"development_types_id":1,"indicator_score":20,"question_id":72},{"id":74,"indicator_id":28,"question_score":8,"taxonomy_id":7,"ultimate_fields_id":1,"development_types_id":1,"indicator_score":15,"question_id":73},{"id":75,"indicator_id":29,"question_score":10,"taxonomy_id":3,"ultimate_fields_id":1,"development_types_id":1,"indicator_score":20,"question_id":74},{"id":76,"indicator_id":28,"question_score":5,"taxonomy_id":7,"ultimate_fields_id":1,"development_types_id":1,"indicator_score":15,"question_id":75},{"id":77,"indicator_id":29,"question_score":8,"taxonomy_id":3,"ultimate_fields_id":1,"development_types_id":1,"indicator_score":20,"question_id":76},{"id":78,"indicator_id":28,"question_score":2,"taxonomy_id":7,"ultimate_fields_id":1,"development_types_id":1,"indicator_score":15,"question_id":77},{"id":79,"indicator_id":29,"question_score":5,"taxonomy_id":3,"ultimate_fields_id":1,"development_types_id":1,"indicator_score":20,"question_id":78},{"id":80,"indicator_id":30,"question_score":4,"taxonomy_id":7,"ultimate_fields_id":1,"development_types_id":1,"indicator_score":4,"question_id":79},{"id":81,"indicator_id":17,"question_score":25,"taxonomy_id":3,"ultimate_fields_id":1,"development_types_id":1,"indicator_score":25,"question_id":80},{"id":82,"indicator_id":30,"question_score":2,"taxonomy_id":7,"ultimate_fields_id":1,"development_types_id":1,"indicator_score":4,"question_id":81},{"id":83,"indicator_id":17,"question_score":20,"taxonomy_id":3,"ultimate_fields_id":1,"development_types_id":1,"indicator_score":25,"question_id":82},{"id":84,"indicator_id":31,"question_score":35,"taxonomy_id":8,"ultimate_fields_id":1,"development_types_id":1,"indicator_score":35,"question_id":54},{"id":85,"indicator_id":17,"question_score":15,"taxonomy_id":3,"ultimate_fields_id":1,"development_types_id":1,"indicator_score":25,"question_id":83},{"id":86,"indicator_id":31,"question_score":25,"taxonomy_id":8,"ultimate_fields_id":1,"development_types_id":1,"indicator_score":35,"question_id":56},{"id":87,"indicator_id":17,"question_score":10,"taxonomy_id":3,"ultimate_fields_id":1,"development_types_id":1,"indicator_score":25,"question_id":84},{"id":88,"indicator_id":31,"question_score":15,"taxonomy_id":8,"ultimate_fields_id":1,"development_types_id":1,"indicator_score":35,"question_id":58},{"id":89,"indicator_id":17,"question_score":5,"taxonomy_id":3,"ultimate_fields_id":1,"development_types_id":1,"indicator_score":25,"question_id":85},{"id":90,"indicator_id":32,"question_score":10,"taxonomy_id":8,"ultimate_fields_id":1,"development_types_id":1,"indicator_score":10,"question_id":86},{"id":91,"indicator_id":33,"question_score":25,"taxonomy_id":3,"ultimate_fields_id":1,"development_types_id":1,"indicator_score":25,"question_id":87},{"id":92,"indicator_id":33,"question_score":20,"taxonomy_id":3,"ultimate_fields_id":1,"development_types_id":1,"indicator_score":25,"question_id":88},{"id":93,"indicator_id":34,"question_score":25,"taxonomy_id":8,"ultimate_fields_id":1,"development_types_id":1,"indicator_score":25,"question_id":60},{"id":94,"indicator_id":33,"question_score":15,"taxonomy_id":3,"ultimate_fields_id":1,"development_types_id":1,"indicator_score":25,"question_id":89},{"id":95,"indicator_id":34,"question_score":20,"taxonomy_id":8,"ultimate_fields_id":1,"development_types_id":1,"indicator_score":25,"question_id":90},{"id":96,"indicator_id":33,"question_score":10,"taxonomy_id":3,"ultimate_fields_id":1,"development_types_id":1,"indicator_score":25,"question_id":91},{"id":97,"indicator_id":34,"question_score":15,"taxonomy_id":8,"ultimate_fields_id":1,"development_types_id":1,"indicator_score":25,"question_id":64},{"id":98,"indicator_id":33,"question_score":5,"taxonomy_id":3,"ultimate_fields_id":1,"development_types_id":1,"indicator_score":25,"question_id":92},{"id":99,"indicator_id":34,"question_score":10,"taxonomy_id":8,"ultimate_fields_id":1,"development_types_id":1,"indicator_score":25,"question_id":66},{"id":100,"indicator_id":34,"question_score":5,"taxonomy_id":8,"ultimate_fields_id":1,"development_types_id":1,"indicator_score":25,"question_id":68},{"id":101,"indicator_id":35,"question_score":20,"taxonomy_id":4,"ultimate_fields_id":1,"development_types_id":1,"indicator_score":30,"question_id":93},{"id":102,"indicator_id":35,"question_score":10,"taxonomy_id":4,"ultimate_fields_id":1,"development_types_id":1,"indicator_score":30,"question_id":95},{"id":103,"indicator_id":36,"question_score":20,"taxonomy_id":8,"ultimate_fields_id":1,"development_types_id":1,"indicator_score":30,"question_id":94},{"id":104,"indicator_id":36,"question_score":15,"taxonomy_id":8,"ultimate_fields_id":1,"development_types_id":1,"indicator_score":30,"question_id":97},{"id":105,"indicator_id":37,"question_score":20,"taxonomy_id":4,"ultimate_fields_id":1,"development_types_id":1,"indicator_score":20,"question_id":96},{"id":106,"indicator_id":36,"question_score":10,"taxonomy_id":8,"ultimate_fields_id":1,"development_types_id":1,"indicator_score":30,"question_id":98},{"id":107,"indicator_id":38,"question_score":25,"taxonomy_id":4,"ultimate_fields_id":1,"development_types_id":1,"indicator_score":25,"question_id":99},{"id":108,"indicator_id":36,"question_score":5,"taxonomy_id":8,"ultimate_fields_id":1,"development_types_id":1,"indicator_score":30,"question_id":100},{"id":109,"indicator_id":38,"question_score":20,"taxonomy_id":4,"ultimate_fields_id":1,"development_types_id":1,"indicator_score":25,"question_id":101},{"id":110,"indicator_id":39,"question_score":15,"taxonomy_id":9,"ultimate_fields_id":1,"development_types_id":1,"indicator_score":50,"question_id":102},{"id":111,"indicator_id":38,"question_score":15,"taxonomy_id":4,"ultimate_fields_id":1,"development_types_id":1,"indicator_score":25,"question_id":103},{"id":112,"indicator_id":39,"question_score":10,"taxonomy_id":9,"ultimate_fields_id":1,"development_types_id":1,"indicator_score":50,"question_id":104},{"id":113,"indicator_id":38,"question_score":10,"taxonomy_id":4,"ultimate_fields_id":1,"development_types_id":1,"indicator_score":25,"question_id":105},{"id":114,"indicator_id":39,"question_score":15,"taxonomy_id":9,"ultimate_fields_id":1,"development_types_id":1,"indicator_score":50,"question_id":106},{"id":115,"indicator_id":38,"question_score":5,"taxonomy_id":4,"ultimate_fields_id":1,"development_types_id":1,"indicator_score":25,"question_id":107},{"id":116,"indicator_id":39,"question_score":10,"taxonomy_id":9,"ultimate_fields_id":1,"development_types_id":1,"indicator_score":50,"question_id":108},{"id":117,"indicator_id":40,"question_score":25,"taxonomy_id":4,"ultimate_fields_id":1,"development_types_id":1,"indicator_score":25,"question_id":109},{"id":118,"indicator_id":41,"question_score":10,"taxonomy_id":9,"ultimate_fields_id":1,"development_types_id":1,"indicator_score":10,"question_id":110},{"id":119,"indicator_id":42,"question_score":15,"taxonomy_id":5,"ultimate_fields_id":1,"development_types_id":1,"indicator_score":25,"question_id":111},{"id":120,"indicator_id":43,"question_score":10,"taxonomy_id":9,"ultimate_fields_id":1,"development_types_id":1,"indicator_score":20,"question_id":112},{"id":121,"indicator_id":42,"question_score":5,"taxonomy_id":5,"ultimate_fields_id":1,"development_types_id":1,"indicator_score":25,"question_id":113},{"id":122,"indicator_id":43,"question_score":10,"taxonomy_id":9,"ultimate_fields_id":1,"development_types_id":1,"indicator_score":20,"question_id":114},{"id":123,"indicator_id":42,"question_score":5,"taxonomy_id":5,"ultimate_fields_id":1,"development_types_id":1,"indicator_score":25,"question_id":115},{"id":124,"indicator_id":44,"question_score":10,"taxonomy_id":9,"ultimate_fields_id":1,"development_types_id":1,"indicator_score":10,"question_id":116},{"id":125,"indicator_id":45,"question_score":5,"taxonomy_id":5,"ultimate_fields_id":1,"development_types_id":1,"indicator_score":8,"question_id":117},{"id":126,"indicator_id":45,"question_score":3,"taxonomy_id":5,"ultimate_fields_id":1,"development_types_id":1,"indicator_score":8,"question_id":119},{"id":127,"indicator_id":46,"question_score":10,"taxonomy_id":9,"ultimate_fields_id":1,"development_types_id":1,"indicator_score":10,"question_id":118},{"id":128,"indicator_id":47,"question_score":10,"taxonomy_id":5,"ultimate_fields_id":1,"development_types_id":1,"indicator_score":17,"question_id":8},{"id":129,"indicator_id":48,"question_score":15,"taxonomy_id":10,"ultimate_fields_id":1,"development_types_id":1,"indicator_score":45,"question_id":8},{"id":130,"indicator_id":47,"question_score":5,"taxonomy_id":5,"ultimate_fields_id":1,"development_types_id":1,"indicator_score":17,"question_id":40},{"id":131,"indicator_id":48,"question_score":10,"taxonomy_id":10,"ultimate_fields_id":1,"development_types_id":1,"indicator_score":45,"question_id":120},{"id":132,"indicator_id":47,"question_score":2,"taxonomy_id":5,"ultimate_fields_id":1,"development_types_id":1,"indicator_score":17,"question_id":10},{"id":133,"indicator_id":48,"question_score":5,"taxonomy_id":10,"ultimate_fields_id":1,"development_types_id":1,"indicator_score":45,"question_id":10},{"id":134,"indicator_id":48,"question_score":15,"taxonomy_id":10,"ultimate_fields_id":1,"development_types_id":1,"indicator_score":45,"question_id":121},{"id":135,"indicator_id":49,"question_score":10,"taxonomy_id":5,"ultimate_fields_id":1,"development_types_id":1,"indicator_score":15,"question_id":46},{"id":136,"indicator_id":49,"question_score":5,"taxonomy_id":5,"ultimate_fields_id":1,"development_types_id":1,"indicator_score":15,"question_id":123},{"id":20,"indicator_id":8,"question_score":10,"taxonomy_id":6,"ultimate_fields_id":1,"development_types_id":1,"indicator_score":15,"question_id":121},{"id":137,"indicator_id":50,"question_score":15,"taxonomy_id":10,"ultimate_fields_id":1,"development_types_id":1,"indicator_score":35,"question_id":122},{"id":138,"indicator_id":50,"question_score":10,"taxonomy_id":10,"ultimate_fields_id":1,"development_types_id":1,"indicator_score":35,"question_id":125},{"id":139,"indicator_id":51,"question_score":20,"taxonomy_id":5,"ultimate_fields_id":1,"development_types_id":1,"indicator_score":20,"question_id":124},{"id":140,"indicator_id":50,"question_score":10,"taxonomy_id":10,"ultimate_fields_id":1,"development_types_id":1,"indicator_score":35,"question_id":126},{"id":141,"indicator_id":51,"question_score":18,"taxonomy_id":5,"ultimate_fields_id":1,"development_types_id":1,"indicator_score":20,"question_id":127},{"id":142,"indicator_id":51,"question_score":15,"taxonomy_id":5,"ultimate_fields_id":1,"development_types_id":1,"indicator_score":20,"question_id":129},{"id":143,"indicator_id":52,"question_score":10,"taxonomy_id":10,"ultimate_fields_id":1,"development_types_id":1,"indicator_score":15,"question_id":128},{"id":144,"indicator_id":51,"question_score":10,"taxonomy_id":5,"ultimate_fields_id":1,"development_types_id":1,"indicator_score":20,"question_id":130},{"id":145,"indicator_id":52,"question_score":5,"taxonomy_id":10,"ultimate_fields_id":1,"development_types_id":1,"indicator_score":15,"question_id":131},{"id":146,"indicator_id":51,"question_score":5,"taxonomy_id":5,"ultimate_fields_id":1,"development_types_id":1,"indicator_score":20,"question_id":132},{"id":147,"indicator_id":53,"question_score":5,"taxonomy_id":10,"ultimate_fields_id":1,"development_types_id":1,"indicator_score":5,"question_id":133},{"id":148,"indicator_id":54,"question_score":7,"taxonomy_id":5,"ultimate_fields_id":1,"development_types_id":1,"indicator_score":15,"question_id":134},{"id":149,"indicator_id":55,"question_score":25,"taxonomy_id":11,"ultimate_fields_id":1,"development_types_id":1,"indicator_score":75,"question_id":135},{"id":150,"indicator_id":54,"question_score":15,"taxonomy_id":5,"ultimate_fields_id":1,"development_types_id":1,"indicator_score":15,"question_id":136},{"id":151,"indicator_id":55,"question_score":25,"taxonomy_id":11,"ultimate_fields_id":1,"development_types_id":1,"indicator_score":75,"question_id":137},{"id":152,"indicator_id":54,"question_score":10,"taxonomy_id":5,"ultimate_fields_id":1,"development_types_id":1,"indicator_score":15,"question_id":138},{"id":153,"indicator_id":55,"question_score":25,"taxonomy_id":11,"ultimate_fields_id":1,"development_types_id":1,"indicator_score":75,"question_id":139},{"id":154,"indicator_id":54,"question_score":5,"taxonomy_id":5,"ultimate_fields_id":1,"development_types_id":1,"indicator_score":15,"question_id":140},{"id":155,"indicator_id":56,"question_score":15,"taxonomy_id":11,"ultimate_fields_id":1,"development_types_id":1,"indicator_score":15,"question_id":141},{"id":156,"indicator_id":57,"question_score":10,"taxonomy_id":1,"ultimate_fields_id":2,"development_types_id":1,"indicator_score":10,"question_id":142},{"id":157,"indicator_id":58,"question_score":10,"taxonomy_id":11,"ultimate_fields_id":1,"development_types_id":1,"indicator_score":10,"question_id":143},{"id":158,"indicator_id":59,"question_score":5,"taxonomy_id":1,"ultimate_fields_id":2,"development_types_id":1,"indicator_score":5,"question_id":144},{"id":159,"indicator_id":60,"question_score":30,"taxonomy_id":12,"ultimate_fields_id":1,"development_types_id":1,"indicator_score":30,"question_id":145},{"id":160,"indicator_id":61,"question_score":15,"taxonomy_id":1,"ultimate_fields_id":2,"development_types_id":1,"indicator_score":30,"question_id":146},{"id":161,"indicator_id":62,"question_score":35,"taxonomy_id":12,"ultimate_fields_id":1,"development_types_id":1,"indicator_score":70,"question_id":147},{"id":162,"indicator_id":61,"question_score":10,"taxonomy_id":1,"ultimate_fields_id":2,"development_types_id":1,"indicator_score":30,"question_id":148},{"id":163,"indicator_id":62,"question_score":35,"taxonomy_id":12,"ultimate_fields_id":1,"development_types_id":1,"indicator_score":70,"question_id":149},{"id":164,"indicator_id":61,"question_score":5,"taxonomy_id":1,"ultimate_fields_id":2,"development_types_id":1,"indicator_score":30,"question_id":150},{"id":165,"indicator_id":63,"question_score":15,"taxonomy_id":6,"ultimate_fields_id":2,"development_types_id":1,"indicator_score":15,"question_id":142},{"id":166,"indicator_id":61,"question_score":15,"taxonomy_id":1,"ultimate_fields_id":2,"development_types_id":1,"indicator_score":30,"question_id":151},{"id":167,"indicator_id":64,"question_score":10,"taxonomy_id":6,"ultimate_fields_id":2,"development_types_id":1,"indicator_score":10,"question_id":144},{"id":168,"indicator_id":61,"question_score":10,"taxonomy_id":1,"ultimate_fields_id":2,"development_types_id":1,"indicator_score":30,"question_id":152},{"id":169,"indicator_id":61,"question_score":5,"taxonomy_id":1,"ultimate_fields_id":2,"development_types_id":1,"indicator_score":30,"question_id":154},{"id":170,"indicator_id":65,"question_score":15,"taxonomy_id":6,"ultimate_fields_id":2,"development_types_id":1,"indicator_score":15,"question_id":153},{"id":171,"indicator_id":66,"question_score":10,"taxonomy_id":1,"ultimate_fields_id":2,"development_types_id":1,"indicator_score":10,"question_id":155},{"id":172,"indicator_id":67,"question_score":15,"taxonomy_id":6,"ultimate_fields_id":2,"development_types_id":1,"indicator_score":40,"question_id":156},{"id":173,"indicator_id":67,"question_score":25,"taxonomy_id":6,"ultimate_fields_id":2,"development_types_id":1,"indicator_score":40,"question_id":158},{"id":174,"indicator_id":68,"question_score":10,"taxonomy_id":1,"ultimate_fields_id":2,"development_types_id":1,"indicator_score":25,"question_id":157},{"id":175,"indicator_id":68,"question_score":5,"taxonomy_id":1,"ultimate_fields_id":2,"development_types_id":1,"indicator_score":25,"question_id":160},{"id":176,"indicator_id":69,"question_score":20,"taxonomy_id":6,"ultimate_fields_id":2,"development_types_id":1,"indicator_score":20,"question_id":159},{"id":177,"indicator_id":68,"question_score":4,"taxonomy_id":1,"ultimate_fields_id":2,"development_types_id":1,"indicator_score":25,"question_id":161},{"id":178,"indicator_id":70,"question_score":20,"taxonomy_id":7,"ultimate_fields_id":2,"development_types_id":1,"indicator_score":20,"question_id":162},{"id":179,"indicator_id":68,"question_score":6,"taxonomy_id":1,"ultimate_fields_id":2,"development_types_id":1,"indicator_score":25,"question_id":163},{"id":180,"indicator_id":70,"question_score":10,"taxonomy_id":7,"ultimate_fields_id":2,"development_types_id":1,"indicator_score":20,"question_id":164},{"id":181,"indicator_id":71,"question_score":20,"taxonomy_id":1,"ultimate_fields_id":2,"development_types_id":1,"indicator_score":20,"question_id":165},{"id":182,"indicator_id":70,"question_score":5,"taxonomy_id":7,"ultimate_fields_id":2,"development_types_id":1,"indicator_score":20,"question_id":166},{"id":183,"indicator_id":63,"question_score":15,"taxonomy_id":2,"ultimate_fields_id":2,"development_types_id":1,"indicator_score":15,"question_id":142},{"id":184,"indicator_id":72,"question_score":20,"taxonomy_id":7,"ultimate_fields_id":2,"development_types_id":1,"indicator_score":20,"question_id":167},{"id":185,"indicator_id":64,"question_score":5,"taxonomy_id":2,"ultimate_fields_id":2,"development_types_id":1,"indicator_score":5,"question_id":144},{"id":186,"indicator_id":73,"question_score":15,"taxonomy_id":7,"ultimate_fields_id":2,"development_types_id":1,"indicator_score":60,"question_id":168},{"id":187,"indicator_id":74,"question_score":15,"taxonomy_id":2,"ultimate_fields_id":2,"development_types_id":1,"indicator_score":50,"question_id":169},{"id":188,"indicator_id":73,"question_score":10,"taxonomy_id":7,"ultimate_fields_id":2,"development_types_id":1,"indicator_score":60,"question_id":170},{"id":189,"indicator_id":74,"question_score":35,"taxonomy_id":2,"ultimate_fields_id":2,"development_types_id":1,"indicator_score":50,"question_id":171},{"id":190,"indicator_id":73,"question_score":10,"taxonomy_id":7,"ultimate_fields_id":2,"development_types_id":1,"indicator_score":60,"question_id":172},{"id":191,"indicator_id":74,"question_score":30,"taxonomy_id":2,"ultimate_fields_id":2,"development_types_id":1,"indicator_score":50,"question_id":173},{"id":192,"indicator_id":73,"question_score":8,"taxonomy_id":7,"ultimate_fields_id":2,"development_types_id":1,"indicator_score":60,"question_id":174},{"id":193,"indicator_id":74,"question_score":20,"taxonomy_id":2,"ultimate_fields_id":2,"development_types_id":1,"indicator_score":50,"question_id":175},{"id":194,"indicator_id":73,"question_score":7,"taxonomy_id":7,"ultimate_fields_id":2,"development_types_id":1,"indicator_score":60,"question_id":176},{"id":195,"indicator_id":74,"question_score":10,"taxonomy_id":2,"ultimate_fields_id":2,"development_types_id":1,"indicator_score":50,"question_id":177},{"id":196,"indicator_id":73,"question_score":10,"taxonomy_id":7,"ultimate_fields_id":2,"development_types_id":1,"indicator_score":60,"question_id":178},{"id":197,"indicator_id":74,"question_score":5,"taxonomy_id":2,"ultimate_fields_id":2,"development_types_id":1,"indicator_score":50,"question_id":179},{"id":198,"indicator_id":75,"question_score":50,"taxonomy_id":8,"ultimate_fields_id":2,"development_types_id":1,"indicator_score":50,"question_id":180},{"id":199,"indicator_id":76,"question_score":15,"taxonomy_id":2,"ultimate_fields_id":2,"development_types_id":1,"indicator_score":15,"question_id":181},{"id":200,"indicator_id":75,"question_score":40,"taxonomy_id":8,"ultimate_fields_id":2,"development_types_id":1,"indicator_score":50,"question_id":182},{"id":201,"indicator_id":77,"question_score":10,"taxonomy_id":2,"ultimate_fields_id":2,"development_types_id":1,"indicator_score":15,"question_id":183},{"id":202,"indicator_id":75,"question_score":30,"taxonomy_id":8,"ultimate_fields_id":2,"development_types_id":1,"indicator_score":50,"question_id":184},{"id":203,"indicator_id":77,"question_score":5,"taxonomy_id":2,"ultimate_fields_id":2,"development_types_id":1,"indicator_score":15,"question_id":185},{"id":204,"indicator_id":75,"question_score":20,"taxonomy_id":8,"ultimate_fields_id":2,"development_types_id":1,"indicator_score":50,"question_id":186},{"id":205,"indicator_id":19,"question_score":25,"taxonomy_id":3,"ultimate_fields_id":2,"development_types_id":1,"indicator_score":25,"question_id":43},{"id":206,"indicator_id":78,"question_score":50,"taxonomy_id":8,"ultimate_fields_id":2,"development_types_id":1,"indicator_score":50,"question_id":187},{"id":207,"indicator_id":19,"question_score":20,"taxonomy_id":3,"ultimate_fields_id":2,"development_types_id":1,"indicator_score":25,"question_id":45},{"id":208,"indicator_id":78,"question_score":35,"taxonomy_id":8,"ultimate_fields_id":2,"development_types_id":1,"indicator_score":50,"question_id":188},{"id":209,"indicator_id":19,"question_score":15,"taxonomy_id":3,"ultimate_fields_id":2,"development_types_id":1,"indicator_score":25,"question_id":47},{"id":210,"indicator_id":78,"question_score":20,"taxonomy_id":8,"ultimate_fields_id":2,"development_types_id":1,"indicator_score":50,"question_id":189},{"id":211,"indicator_id":19,"question_score":10,"taxonomy_id":3,"ultimate_fields_id":2,"development_types_id":1,"indicator_score":25,"question_id":49},{"id":212,"indicator_id":78,"question_score":10,"taxonomy_id":8,"ultimate_fields_id":2,"development_types_id":1,"indicator_score":50,"question_id":190},{"id":213,"indicator_id":19,"question_score":5,"taxonomy_id":3,"ultimate_fields_id":2,"development_types_id":1,"indicator_score":25,"question_id":51},{"id":214,"indicator_id":78,"question_score":5,"taxonomy_id":8,"ultimate_fields_id":2,"development_types_id":1,"indicator_score":50,"question_id":191},{"id":215,"indicator_id":23,"question_score":25,"taxonomy_id":3,"ultimate_fields_id":2,"development_types_id":1,"indicator_score":25,"question_id":53},{"id":216,"indicator_id":79,"question_score":30,"taxonomy_id":9,"ultimate_fields_id":2,"development_types_id":1,"indicator_score":30,"question_id":192},{"id":217,"indicator_id":23,"question_score":20,"taxonomy_id":3,"ultimate_fields_id":2,"development_types_id":1,"indicator_score":25,"question_id":55},{"id":218,"indicator_id":80,"question_score":35,"taxonomy_id":9,"ultimate_fields_id":2,"development_types_id":1,"indicator_score":35,"question_id":193},{"id":219,"indicator_id":23,"question_score":15,"taxonomy_id":3,"ultimate_fields_id":2,"development_types_id":1,"indicator_score":25,"question_id":57},{"id":220,"indicator_id":81,"question_score":35,"taxonomy_id":9,"ultimate_fields_id":2,"development_types_id":1,"indicator_score":35,"question_id":194},{"id":221,"indicator_id":23,"question_score":10,"taxonomy_id":3,"ultimate_fields_id":2,"development_types_id":1,"indicator_score":25,"question_id":59},{"id":222,"indicator_id":23,"question_score":5,"taxonomy_id":3,"ultimate_fields_id":2,"development_types_id":1,"indicator_score":25,"question_id":61},{"id":223,"indicator_id":82,"question_score":15,"taxonomy_id":10,"ultimate_fields_id":2,"development_types_id":1,"indicator_score":30,"question_id":142},{"id":224,"indicator_id":82,"question_score":15,"taxonomy_id":10,"ultimate_fields_id":2,"development_types_id":1,"indicator_score":30,"question_id":196},{"id":225,"indicator_id":83,"question_score":5,"taxonomy_id":3,"ultimate_fields_id":2,"development_types_id":1,"indicator_score":5,"question_id":195},{"id":226,"indicator_id":27,"question_score":4,"taxonomy_id":3,"ultimate_fields_id":2,"development_types_id":1,"indicator_score":8,"question_id":65},{"id":227,"indicator_id":84,"question_score":15,"taxonomy_id":10,"ultimate_fields_id":2,"development_types_id":1,"indicator_score":15,"question_id":144},{"id":228,"indicator_id":27,"question_score":4,"taxonomy_id":3,"ultimate_fields_id":2,"development_types_id":1,"indicator_score":8,"question_id":67},{"id":229,"indicator_id":85,"question_score":15,"taxonomy_id":10,"ultimate_fields_id":2,"development_types_id":1,"indicator_score":15,"question_id":197},{"id":230,"indicator_id":28,"question_score":25,"taxonomy_id":3,"ultimate_fields_id":2,"development_types_id":1,"indicator_score":25,"question_id":198},{"id":231,"indicator_id":86,"question_score":15,"taxonomy_id":10,"ultimate_fields_id":2,"development_types_id":1,"indicator_score":15,"question_id":199},{"id":232,"indicator_id":28,"question_score":20,"taxonomy_id":3,"ultimate_fields_id":2,"development_types_id":1,"indicator_score":25,"question_id":71},{"id":233,"indicator_id":87,"question_score":25,"taxonomy_id":10,"ultimate_fields_id":2,"development_types_id":1,"indicator_score":25,"question_id":200},{"id":234,"indicator_id":28,"question_score":15,"taxonomy_id":3,"ultimate_fields_id":2,"development_types_id":1,"indicator_score":25,"question_id":73},{"id":235,"indicator_id":88,"question_score":20,"taxonomy_id":11,"ultimate_fields_id":2,"development_types_id":1,"indicator_score":20,"question_id":201},{"id":236,"indicator_id":28,"question_score":10,"taxonomy_id":3,"ultimate_fields_id":2,"development_types_id":1,"indicator_score":25,"question_id":75},{"id":237,"indicator_id":28,"question_score":5,"taxonomy_id":3,"ultimate_fields_id":2,"development_types_id":1,"indicator_score":25,"question_id":203},{"id":238,"indicator_id":89,"question_score":20,"taxonomy_id":11,"ultimate_fields_id":2,"development_types_id":1,"indicator_score":20,"question_id":202},{"id":239,"indicator_id":30,"question_score":7,"taxonomy_id":3,"ultimate_fields_id":2,"development_types_id":1,"indicator_score":7,"question_id":79},{"id":240,"indicator_id":90,"question_score":10,"taxonomy_id":11,"ultimate_fields_id":2,"development_types_id":1,"indicator_score":20,"question_id":204},{"id":241,"indicator_id":30,"question_score":2,"taxonomy_id":3,"ultimate_fields_id":2,"development_types_id":1,"indicator_score":7,"question_id":205},{"id":242,"indicator_id":90,"question_score":10,"taxonomy_id":11,"ultimate_fields_id":2,"development_types_id":1,"indicator_score":20,"question_id":206},{"id":243,"indicator_id":91,"question_score":5,"taxonomy_id":3,"ultimate_fields_id":2,"development_types_id":1,"indicator_score":5,"question_id":207},{"id":244,"indicator_id":92,"question_score":20,"taxonomy_id":11,"ultimate_fields_id":2,"development_types_id":1,"indicator_score":20,"question_id":208},{"id":245,"indicator_id":93,"question_score":15,"taxonomy_id":4,"ultimate_fields_id":2,"development_types_id":1,"indicator_score":15,"question_id":209},{"id":246,"indicator_id":94,"question_score":20,"taxonomy_id":11,"ultimate_fields_id":2,"development_types_id":1,"indicator_score":20,"question_id":210},{"id":247,"indicator_id":93,"question_score":10,"taxonomy_id":4,"ultimate_fields_id":2,"development_types_id":1,"indicator_score":15,"question_id":211},{"id":248,"indicator_id":95,"question_score":50,"taxonomy_id":12,"ultimate_fields_id":2,"development_types_id":1,"indicator_score":50,"question_id":212},{"id":249,"indicator_id":93,"question_score":8,"taxonomy_id":4,"ultimate_fields_id":2,"development_types_id":1,"indicator_score":15,"question_id":213},{"id":250,"indicator_id":96,"question_score":50,"taxonomy_id":12,"ultimate_fields_id":2,"development_types_id":1,"indicator_score":50,"question_id":214},{"id":251,"indicator_id":93,"question_score":3,"taxonomy_id":4,"ultimate_fields_id":2,"development_types_id":1,"indicator_score":15,"question_id":215},{"id":252,"indicator_id":97,"question_score":15,"taxonomy_id":6,"ultimate_fields_id":3,"development_types_id":2,"indicator_score":15,"question_id":216},{"id":253,"indicator_id":98,"question_score":15,"taxonomy_id":4,"ultimate_fields_id":2,"development_types_id":1,"indicator_score":15,"question_id":217},{"id":254,"indicator_id":99,"question_score":10,"taxonomy_id":6,"ultimate_fields_id":3,"development_types_id":2,"indicator_score":10,"question_id":218},{"id":255,"indicator_id":98,"question_score":10,"taxonomy_id":4,"ultimate_fields_id":2,"development_types_id":1,"indicator_score":15,"question_id":219},{"id":256,"indicator_id":98,"question_score":8,"taxonomy_id":4,"ultimate_fields_id":2,"development_types_id":1,"indicator_score":15,"question_id":221},{"id":257,"indicator_id":100,"question_score":12,"taxonomy_id":6,"ultimate_fields_id":3,"development_types_id":2,"indicator_score":12,"question_id":220},{"id":258,"indicator_id":98,"question_score":5,"taxonomy_id":4,"ultimate_fields_id":2,"development_types_id":1,"indicator_score":15,"question_id":222},{"id":259,"indicator_id":101,"question_score":15,"taxonomy_id":6,"ultimate_fields_id":3,"development_types_id":2,"indicator_score":15,"question_id":223},{"id":260,"indicator_id":98,"question_score":2,"taxonomy_id":4,"ultimate_fields_id":2,"development_types_id":1,"indicator_score":15,"question_id":224},{"id":261,"indicator_id":102,"question_score":15,"taxonomy_id":6,"ultimate_fields_id":3,"development_types_id":2,"indicator_score":15,"question_id":225},{"id":262,"indicator_id":103,"question_score":15,"taxonomy_id":4,"ultimate_fields_id":2,"development_types_id":1,"indicator_score":15,"question_id":226},{"id":263,"indicator_id":104,"question_score":8,"taxonomy_id":6,"ultimate_fields_id":3,"development_types_id":2,"indicator_score":8,"question_id":227},{"id":264,"indicator_id":103,"question_score":10,"taxonomy_id":4,"ultimate_fields_id":2,"development_types_id":1,"indicator_score":15,"question_id":228},{"id":265,"indicator_id":105,"question_score":10,"taxonomy_id":6,"ultimate_fields_id":3,"development_types_id":2,"indicator_score":10,"question_id":229},{"id":266,"indicator_id":103,"question_score":8,"taxonomy_id":4,"ultimate_fields_id":2,"development_types_id":1,"indicator_score":15,"question_id":230},{"id":267,"indicator_id":106,"question_score":15,"taxonomy_id":6,"ultimate_fields_id":3,"development_types_id":2,"indicator_score":15,"question_id":231},{"id":268,"indicator_id":103,"question_score":5,"taxonomy_id":4,"ultimate_fields_id":2,"development_types_id":1,"indicator_score":15,"question_id":232},{"id":269,"indicator_id":107,"question_score":15,"taxonomy_id":7,"ultimate_fields_id":3,"development_types_id":2,"indicator_score":25,"question_id":233},{"id":270,"indicator_id":108,"question_score":15,"taxonomy_id":4,"ultimate_fields_id":2,"development_types_id":1,"indicator_score":15,"question_id":234},{"id":271,"indicator_id":107,"question_score":10,"taxonomy_id":7,"ultimate_fields_id":3,"development_types_id":2,"indicator_score":25,"question_id":235},{"id":272,"indicator_id":108,"question_score":12,"taxonomy_id":4,"ultimate_fields_id":2,"development_types_id":1,"indicator_score":15,"question_id":236},{"id":273,"indicator_id":108,"question_score":10,"taxonomy_id":4,"ultimate_fields_id":2,"development_types_id":1,"indicator_score":15,"question_id":238},{"id":274,"indicator_id":109,"question_score":10,"taxonomy_id":7,"ultimate_fields_id":3,"development_types_id":2,"indicator_score":15,"question_id":237},{"id":275,"indicator_id":108,"question_score":5,"taxonomy_id":4,"ultimate_fields_id":2,"development_types_id":1,"indicator_score":15,"question_id":239},{"id":276,"indicator_id":109,"question_score":5,"taxonomy_id":7,"ultimate_fields_id":3,"development_types_id":2,"indicator_score":15,"question_id":240},{"id":277,"indicator_id":108,"question_score":2,"taxonomy_id":4,"ultimate_fields_id":2,"development_types_id":1,"indicator_score":15,"question_id":241},{"id":278,"indicator_id":110,"question_score":10,"taxonomy_id":7,"ultimate_fields_id":3,"development_types_id":2,"indicator_score":20,"question_id":242},{"id":279,"indicator_id":111,"question_score":7,"taxonomy_id":4,"ultimate_fields_id":2,"development_types_id":1,"indicator_score":10,"question_id":243},{"id":280,"indicator_id":110,"question_score":10,"taxonomy_id":7,"ultimate_fields_id":3,"development_types_id":2,"indicator_score":20,"question_id":244},{"id":281,"indicator_id":111,"question_score":3,"taxonomy_id":4,"ultimate_fields_id":2,"development_types_id":1,"indicator_score":10,"question_id":245},{"id":282,"indicator_id":112,"question_score":10,"taxonomy_id":7,"ultimate_fields_id":3,"development_types_id":2,"indicator_score":10,"question_id":246},{"id":283,"indicator_id":113,"question_score":5,"taxonomy_id":4,"ultimate_fields_id":2,"development_types_id":1,"indicator_score":5,"question_id":247},{"id":284,"indicator_id":114,"question_score":10,"taxonomy_id":7,"ultimate_fields_id":3,"development_types_id":2,"indicator_score":10,"question_id":248},{"id":285,"indicator_id":115,"question_score":15,"taxonomy_id":4,"ultimate_fields_id":2,"development_types_id":1,"indicator_score":15,"question_id":28},{"id":286,"indicator_id":116,"question_score":10,"taxonomy_id":7,"ultimate_fields_id":3,"development_types_id":2,"indicator_score":10,"question_id":249},{"id":287,"indicator_id":115,"question_score":10,"taxonomy_id":4,"ultimate_fields_id":2,"development_types_id":1,"indicator_score":15,"question_id":30},{"id":288,"indicator_id":117,"question_score":10,"taxonomy_id":7,"ultimate_fields_id":3,"development_types_id":2,"indicator_score":10,"question_id":250},{"id":289,"indicator_id":118,"question_score":10,"taxonomy_id":4,"ultimate_fields_id":2,"development_types_id":1,"indicator_score":10,"question_id":251},{"id":290,"indicator_id":119,"question_score":20,"taxonomy_id":8,"ultimate_fields_id":3,"development_types_id":2,"indicator_score":20,"question_id":252},{"id":291,"indicator_id":63,"question_score":10,"taxonomy_id":5,"ultimate_fields_id":2,"development_types_id":1,"indicator_score":10,"question_id":142},{"id":292,"indicator_id":120,"question_score":20,"taxonomy_id":8,"ultimate_fields_id":3,"development_types_id":2,"indicator_score":20,"question_id":253},{"id":293,"indicator_id":121,"question_score":10,"taxonomy_id":5,"ultimate_fields_id":2,"development_types_id":1,"indicator_score":10,"question_id":254},{"id":294,"indicator_id":122,"question_score":20,"taxonomy_id":8,"ultimate_fields_id":3,"development_types_id":2,"indicator_score":20,"question_id":255},{"id":295,"indicator_id":121,"question_score":5,"taxonomy_id":5,"ultimate_fields_id":2,"development_types_id":1,"indicator_score":10,"question_id":256},{"id":296,"indicator_id":123,"question_score":20,"taxonomy_id":8,"ultimate_fields_id":3,"development_types_id":2,"indicator_score":20,"question_id":257},{"id":297,"indicator_id":124,"question_score":10,"taxonomy_id":5,"ultimate_fields_id":2,"development_types_id":1,"indicator_score":35,"question_id":79},{"id":298,"indicator_id":125,"question_score":20,"taxonomy_id":8,"ultimate_fields_id":3,"development_types_id":2,"indicator_score":20,"question_id":258},{"id":299,"indicator_id":124,"question_score":5,"taxonomy_id":5,"ultimate_fields_id":2,"development_types_id":1,"indicator_score":35,"question_id":81},{"id":300,"indicator_id":124,"question_score":25,"taxonomy_id":5,"ultimate_fields_id":2,"development_types_id":1,"indicator_score":35,"question_id":87},{"id":301,"indicator_id":126,"question_score":25,"taxonomy_id":9,"ultimate_fields_id":3,"development_types_id":2,"indicator_score":25,"question_id":259},{"id":302,"indicator_id":124,"question_score":20,"taxonomy_id":5,"ultimate_fields_id":2,"development_types_id":1,"indicator_score":35,"question_id":88},{"id":303,"indicator_id":127,"question_score":25,"taxonomy_id":9,"ultimate_fields_id":3,"development_types_id":2,"indicator_score":25,"question_id":260},{"id":304,"indicator_id":124,"question_score":15,"taxonomy_id":5,"ultimate_fields_id":2,"development_types_id":1,"indicator_score":35,"question_id":89},{"id":305,"indicator_id":128,"question_score":25,"taxonomy_id":9,"ultimate_fields_id":3,"development_types_id":2,"indicator_score":25,"question_id":261},{"id":306,"indicator_id":124,"question_score":10,"taxonomy_id":5,"ultimate_fields_id":2,"development_types_id":1,"indicator_score":35,"question_id":91},{"id":307,"indicator_id":129,"question_score":25,"taxonomy_id":9,"ultimate_fields_id":3,"development_types_id":2,"indicator_score":25,"question_id":262},{"id":308,"indicator_id":124,"question_score":5,"taxonomy_id":5,"ultimate_fields_id":2,"development_types_id":1,"indicator_score":35,"question_id":92},{"id":309,"indicator_id":130,"question_score":25,"taxonomy_id":10,"ultimate_fields_id":3,"development_types_id":2,"indicator_score":100,"question_id":263},{"id":310,"indicator_id":131,"question_score":10,"taxonomy_id":5,"ultimate_fields_id":2,"development_types_id":1,"indicator_score":10,"question_id":264},{"id":311,"indicator_id":130,"question_score":20,"taxonomy_id":10,"ultimate_fields_id":3,"development_types_id":2,"indicator_score":100,"question_id":265},{"id":312,"indicator_id":132,"question_score":10,"taxonomy_id":5,"ultimate_fields_id":2,"development_types_id":1,"indicator_score":10,"question_id":266},{"id":313,"indicator_id":130,"question_score":20,"taxonomy_id":10,"ultimate_fields_id":3,"development_types_id":2,"indicator_score":100,"question_id":267},{"id":314,"indicator_id":133,"question_score":25,"taxonomy_id":5,"ultimate_fields_id":2,"development_types_id":1,"indicator_score":25,"question_id":268},{"id":315,"indicator_id":130,"question_score":20,"taxonomy_id":10,"ultimate_fields_id":3,"development_types_id":2,"indicator_score":100,"question_id":269},{"id":316,"indicator_id":133,"question_score":20,"taxonomy_id":5,"ultimate_fields_id":2,"development_types_id":1,"indicator_score":25,"question_id":270},{"id":317,"indicator_id":130,"question_score":15,"taxonomy_id":10,"ultimate_fields_id":3,"development_types_id":2,"indicator_score":100,"question_id":271},{"id":318,"indicator_id":133,"question_score":15,"taxonomy_id":5,"ultimate_fields_id":2,"development_types_id":1,"indicator_score":25,"question_id":272},{"id":319,"indicator_id":134,"question_score":25,"taxonomy_id":11,"ultimate_fields_id":3,"development_types_id":2,"indicator_score":50,"question_id":273},{"id":320,"indicator_id":133,"question_score":10,"taxonomy_id":5,"ultimate_fields_id":2,"development_types_id":1,"indicator_score":25,"question_id":274},{"id":321,"indicator_id":134,"question_score":25,"taxonomy_id":11,"ultimate_fields_id":3,"development_types_id":2,"indicator_score":50,"question_id":275},{"id":322,"indicator_id":133,"question_score":5,"taxonomy_id":5,"ultimate_fields_id":2,"development_types_id":1,"indicator_score":25,"question_id":276},{"id":323,"indicator_id":135,"question_score":30,"taxonomy_id":11,"ultimate_fields_id":3,"development_types_id":2,"indicator_score":30,"question_id":277},{"id":324,"indicator_id":136,"question_score":15,"taxonomy_id":1,"ultimate_fields_id":3,"development_types_id":2,"indicator_score":35,"question_id":278},{"id":325,"indicator_id":137,"question_score":20,"taxonomy_id":11,"ultimate_fields_id":3,"development_types_id":2,"indicator_score":20,"question_id":279},{"id":326,"indicator_id":136,"question_score":10,"taxonomy_id":1,"ultimate_fields_id":3,"development_types_id":2,"indicator_score":35,"question_id":280},{"id":327,"indicator_id":138,"question_score":50,"taxonomy_id":12,"ultimate_fields_id":3,"development_types_id":2,"indicator_score":50,"question_id":281},{"id":328,"indicator_id":136,"question_score":10,"taxonomy_id":1,"ultimate_fields_id":3,"development_types_id":2,"indicator_score":35,"question_id":282},{"id":329,"indicator_id":139,"question_score":30,"taxonomy_id":12,"ultimate_fields_id":3,"development_types_id":2,"indicator_score":30,"question_id":283},{"id":330,"indicator_id":140,"question_score":8,"taxonomy_id":1,"ultimate_fields_id":3,"development_types_id":2,"indicator_score":18,"question_id":284},{"id":331,"indicator_id":140,"question_score":10,"taxonomy_id":1,"ultimate_fields_id":3,"development_types_id":2,"indicator_score":18,"question_id":286},{"id":332,"indicator_id":141,"question_score":20,"taxonomy_id":12,"ultimate_fields_id":3,"development_types_id":2,"indicator_score":20,"question_id":285},{"id":333,"indicator_id":142,"question_score":5,"taxonomy_id":1,"ultimate_fields_id":3,"development_types_id":2,"indicator_score":17,"question_id":287},{"id":334,"indicator_id":143,"question_score":25,"taxonomy_id":6,"ultimate_fields_id":4,"development_types_id":2,"indicator_score":25,"question_id":288},{"id":335,"indicator_id":142,"question_score":6,"taxonomy_id":1,"ultimate_fields_id":3,"development_types_id":2,"indicator_score":17,"question_id":289},{"id":336,"indicator_id":144,"question_score":25,"taxonomy_id":6,"ultimate_fields_id":4,"development_types_id":2,"indicator_score":25,"question_id":290},{"id":337,"indicator_id":142,"question_score":6,"taxonomy_id":1,"ultimate_fields_id":3,"development_types_id":2,"indicator_score":17,"question_id":291},{"id":338,"indicator_id":145,"question_score":25,"taxonomy_id":6,"ultimate_fields_id":4,"development_types_id":2,"indicator_score":25,"question_id":292},{"id":339,"indicator_id":146,"question_score":12,"taxonomy_id":1,"ultimate_fields_id":3,"development_types_id":2,"indicator_score":20,"question_id":293},{"id":340,"indicator_id":147,"question_score":25,"taxonomy_id":6,"ultimate_fields_id":4,"development_types_id":2,"indicator_score":25,"question_id":294},{"id":341,"indicator_id":146,"question_score":8,"taxonomy_id":1,"ultimate_fields_id":3,"development_types_id":2,"indicator_score":20,"question_id":295},{"id":342,"indicator_id":148,"question_score":20,"taxonomy_id":7,"ultimate_fields_id":4,"development_types_id":2,"indicator_score":20,"question_id":296},{"id":343,"indicator_id":149,"question_score":10,"taxonomy_id":1,"ultimate_fields_id":3,"development_types_id":2,"indicator_score":10,"question_id":297},{"id":344,"indicator_id":150,"question_score":20,"taxonomy_id":7,"ultimate_fields_id":4,"development_types_id":2,"indicator_score":20,"question_id":298},{"id":345,"indicator_id":151,"question_score":10,"taxonomy_id":2,"ultimate_fields_id":3,"development_types_id":2,"indicator_score":30,"question_id":299},{"id":346,"indicator_id":145,"question_score":20,"taxonomy_id":7,"ultimate_fields_id":4,"development_types_id":2,"indicator_score":20,"question_id":300},{"id":347,"indicator_id":151,"question_score":10,"taxonomy_id":2,"ultimate_fields_id":3,"development_types_id":2,"indicator_score":30,"question_id":301},{"id":348,"indicator_id":152,"question_score":20,"taxonomy_id":7,"ultimate_fields_id":4,"development_types_id":2,"indicator_score":20,"question_id":302},{"id":349,"indicator_id":151,"question_score":10,"taxonomy_id":2,"ultimate_fields_id":3,"development_types_id":2,"indicator_score":30,"question_id":303},{"id":350,"indicator_id":153,"question_score":20,"taxonomy_id":7,"ultimate_fields_id":4,"development_types_id":2,"indicator_score":20,"question_id":304},{"id":351,"indicator_id":154,"question_score":15,"taxonomy_id":2,"ultimate_fields_id":3,"development_types_id":2,"indicator_score":25,"question_id":305},{"id":352,"indicator_id":155,"question_score":50,"taxonomy_id":8,"ultimate_fields_id":4,"development_types_id":2,"indicator_score":50,"question_id":306},{"id":353,"indicator_id":154,"question_score":10,"taxonomy_id":2,"ultimate_fields_id":3,"development_types_id":2,"indicator_score":25,"question_id":307},{"id":354,"indicator_id":156,"question_score":50,"taxonomy_id":8,"ultimate_fields_id":4,"development_types_id":2,"indicator_score":50,"question_id":308},{"id":355,"indicator_id":157,"question_score":10,"taxonomy_id":2,"ultimate_fields_id":3,"development_types_id":2,"indicator_score":35,"question_id":309},{"id":356,"indicator_id":157,"question_score":25,"taxonomy_id":2,"ultimate_fields_id":3,"development_types_id":2,"indicator_score":35,"question_id":311},{"id":357,"indicator_id":158,"question_score":40,"taxonomy_id":9,"ultimate_fields_id":4,"development_types_id":2,"indicator_score":40,"question_id":310},{"id":358,"indicator_id":157,"question_score":20,"taxonomy_id":2,"ultimate_fields_id":3,"development_types_id":2,"indicator_score":35,"question_id":312},{"id":359,"indicator_id":159,"question_score":30,"taxonomy_id":9,"ultimate_fields_id":4,"development_types_id":2,"indicator_score":30,"question_id":313},{"id":360,"indicator_id":157,"question_score":15,"taxonomy_id":2,"ultimate_fields_id":3,"development_types_id":2,"indicator_score":35,"question_id":314},{"id":361,"indicator_id":160,"question_score":30,"taxonomy_id":9,"ultimate_fields_id":4,"development_types_id":2,"indicator_score":30,"question_id":315},{"id":362,"indicator_id":157,"question_score":10,"taxonomy_id":2,"ultimate_fields_id":3,"development_types_id":2,"indicator_score":35,"question_id":316},{"id":363,"indicator_id":161,"question_score":50,"taxonomy_id":10,"ultimate_fields_id":4,"development_types_id":2,"indicator_score":50,"question_id":317},{"id":364,"indicator_id":157,"question_score":5,"taxonomy_id":2,"ultimate_fields_id":3,"development_types_id":2,"indicator_score":35,"question_id":318},{"id":365,"indicator_id":162,"question_score":50,"taxonomy_id":10,"ultimate_fields_id":4,"development_types_id":2,"indicator_score":50,"question_id":319},{"id":366,"indicator_id":163,"question_score":10,"taxonomy_id":2,"ultimate_fields_id":3,"development_types_id":2,"indicator_score":10,"question_id":320},{"id":367,"indicator_id":164,"question_score":50,"taxonomy_id":11,"ultimate_fields_id":4,"development_types_id":2,"indicator_score":50,"question_id":321},{"id":368,"indicator_id":165,"question_score":10,"taxonomy_id":3,"ultimate_fields_id":3,"development_types_id":2,"indicator_score":20,"question_id":322},{"id":369,"indicator_id":166,"question_score":30,"taxonomy_id":11,"ultimate_fields_id":4,"development_types_id":2,"indicator_score":30,"question_id":323},{"id":370,"indicator_id":165,"question_score":10,"taxonomy_id":3,"ultimate_fields_id":3,"development_types_id":2,"indicator_score":20,"question_id":324},{"id":371,"indicator_id":167,"question_score":20,"taxonomy_id":11,"ultimate_fields_id":4,"development_types_id":2,"indicator_score":20,"question_id":325},{"id":372,"indicator_id":168,"question_score":10,"taxonomy_id":3,"ultimate_fields_id":3,"development_types_id":2,"indicator_score":20,"question_id":326},{"id":373,"indicator_id":168,"question_score":10,"taxonomy_id":3,"ultimate_fields_id":3,"development_types_id":2,"indicator_score":20,"question_id":235},{"id":374,"indicator_id":169,"question_score":35,"taxonomy_id":12,"ultimate_fields_id":4,"development_types_id":2,"indicator_score":70,"question_id":327},{"id":375,"indicator_id":169,"question_score":35,"taxonomy_id":12,"ultimate_fields_id":4,"development_types_id":2,"indicator_score":70,"question_id":328},{"id":376,"indicator_id":170,"question_score":15,"taxonomy_id":3,"ultimate_fields_id":3,"development_types_id":2,"indicator_score":20,"question_id":237},{"id":377,"indicator_id":170,"question_score":5,"taxonomy_id":3,"ultimate_fields_id":3,"development_types_id":2,"indicator_score":20,"question_id":240},{"id":378,"indicator_id":171,"question_score":30,"taxonomy_id":12,"ultimate_fields_id":4,"development_types_id":2,"indicator_score":30,"question_id":329},{"id":379,"indicator_id":172,"question_score":10,"taxonomy_id":3,"ultimate_fields_id":3,"development_types_id":2,"indicator_score":10,"question_id":249},{"id":380,"indicator_id":173,"question_score":5,"taxonomy_id":3,"ultimate_fields_id":3,"development_types_id":2,"indicator_score":10,"question_id":242},{"id":381,"indicator_id":173,"question_score":5,"taxonomy_id":3,"ultimate_fields_id":3,"development_types_id":2,"indicator_score":10,"question_id":244},{"id":382,"indicator_id":174,"question_score":10,"taxonomy_id":3,"ultimate_fields_id":3,"development_types_id":2,"indicator_score":10,"question_id":330},{"id":383,"indicator_id":175,"question_score":10,"taxonomy_id":3,"ultimate_fields_id":3,"development_types_id":2,"indicator_score":10,"question_id":331},{"id":384,"indicator_id":99,"question_score":8,"taxonomy_id":4,"ultimate_fields_id":3,"development_types_id":2,"indicator_score":8,"question_id":332},{"id":385,"indicator_id":99,"question_score":5,"taxonomy_id":4,"ultimate_fields_id":3,"development_types_id":2,"indicator_score":8,"question_id":333},{"id":386,"indicator_id":176,"question_score":14,"taxonomy_id":4,"ultimate_fields_id":3,"development_types_id":2,"indicator_score":32,"question_id":334},{"id":387,"indicator_id":176,"question_score":10,"taxonomy_id":4,"ultimate_fields_id":3,"development_types_id":2,"indicator_score":32,"question_id":335},{"id":388,"indicator_id":176,"question_score":8,"taxonomy_id":4,"ultimate_fields_id":3,"development_types_id":2,"indicator_score":32,"question_id":336},{"id":389,"indicator_id":177,"question_score":10,"taxonomy_id":4,"ultimate_fields_id":3,"development_types_id":2,"indicator_score":10,"question_id":337},{"id":390,"indicator_id":178,"question_score":5,"taxonomy_id":4,"ultimate_fields_id":3,"development_types_id":2,"indicator_score":5,"question_id":338},{"id":391,"indicator_id":179,"question_score":5,"taxonomy_id":4,"ultimate_fields_id":3,"development_types_id":2,"indicator_score":5,"question_id":339},{"id":392,"indicator_id":180,"question_score":12,"taxonomy_id":4,"ultimate_fields_id":3,"development_types_id":2,"indicator_score":25,"question_id":340},{"id":393,"indicator_id":180,"question_score":8,"taxonomy_id":4,"ultimate_fields_id":3,"development_types_id":2,"indicator_score":25,"question_id":341},{"id":394,"indicator_id":180,"question_score":5,"taxonomy_id":4,"ultimate_fields_id":3,"development_types_id":2,"indicator_score":25,"question_id":342},{"id":395,"indicator_id":181,"question_score":5,"taxonomy_id":4,"ultimate_fields_id":3,"development_types_id":2,"indicator_score":10,"question_id":343},{"id":396,"indicator_id":181,"question_score":5,"taxonomy_id":4,"ultimate_fields_id":3,"development_types_id":2,"indicator_score":10,"question_id":344},{"id":397,"indicator_id":182,"question_score":5,"taxonomy_id":4,"ultimate_fields_id":3,"development_types_id":2,"indicator_score":5,"question_id":345},{"id":398,"indicator_id":183,"question_score":10,"taxonomy_id":5,"ultimate_fields_id":3,"development_types_id":2,"indicator_score":10,"question_id":346},{"id":399,"indicator_id":184,"question_score":10,"taxonomy_id":5,"ultimate_fields_id":3,"development_types_id":2,"indicator_score":20,"question_id":237},{"id":400,"indicator_id":184,"question_score":6,"taxonomy_id":5,"ultimate_fields_id":3,"development_types_id":2,"indicator_score":20,"question_id":240},{"id":401,"indicator_id":184,"question_score":4,"taxonomy_id":5,"ultimate_fields_id":3,"development_types_id":2,"indicator_score":20,"question_id":347},{"id":402,"indicator_id":185,"question_score":10,"taxonomy_id":5,"ultimate_fields_id":3,"development_types_id":2,"indicator_score":15,"question_id":348},{"id":403,"indicator_id":185,"question_score":5,"taxonomy_id":5,"ultimate_fields_id":3,"development_types_id":2,"indicator_score":15,"question_id":349},{"id":404,"indicator_id":186,"question_score":10,"taxonomy_id":5,"ultimate_fields_id":3,"development_types_id":2,"indicator_score":10,"question_id":350},{"id":405,"indicator_id":187,"question_score":10,"taxonomy_id":5,"ultimate_fields_id":3,"development_types_id":2,"indicator_score":15,"question_id":351},{"id":406,"indicator_id":187,"question_score":5,"taxonomy_id":5,"ultimate_fields_id":3,"development_types_id":2,"indicator_score":15,"question_id":352},{"id":407,"indicator_id":188,"question_score":10,"taxonomy_id":5,"ultimate_fields_id":3,"development_types_id":2,"indicator_score":10,"question_id":353},{"id":408,"indicator_id":189,"question_score":5,"taxonomy_id":5,"ultimate_fields_id":3,"development_types_id":2,"indicator_score":5,"question_id":354},{"id":409,"indicator_id":190,"question_score":5,"taxonomy_id":5,"ultimate_fields_id":3,"development_types_id":2,"indicator_score":5,"question_id":355},{"id":410,"indicator_id":191,"question_score":10,"taxonomy_id":5,"ultimate_fields_id":3,"development_types_id":2,"indicator_score":10,"question_id":356},{"id":411,"indicator_id":145,"question_score":25,"taxonomy_id":1,"ultimate_fields_id":4,"development_types_id":2,"indicator_score":50,"question_id":357},{"id":412,"indicator_id":145,"question_score":25,"taxonomy_id":1,"ultimate_fields_id":4,"development_types_id":2,"indicator_score":50,"question_id":358},{"id":413,"indicator_id":192,"question_score":25,"taxonomy_id":1,"ultimate_fields_id":4,"development_types_id":2,"indicator_score":25,"question_id":359},{"id":414,"indicator_id":150,"question_score":25,"taxonomy_id":1,"ultimate_fields_id":4,"development_types_id":2,"indicator_score":25,"question_id":360},{"id":415,"indicator_id":145,"question_score":20,"taxonomy_id":2,"ultimate_fields_id":4,"development_types_id":2,"indicator_score":40,"question_id":361},{"id":416,"indicator_id":145,"question_score":20,"taxonomy_id":2,"ultimate_fields_id":4,"development_types_id":2,"indicator_score":40,"question_id":362},{"id":417,"indicator_id":192,"question_score":30,"taxonomy_id":2,"ultimate_fields_id":4,"development_types_id":2,"indicator_score":30,"question_id":363},{"id":418,"indicator_id":150,"question_score":30,"taxonomy_id":2,"ultimate_fields_id":4,"development_types_id":2,"indicator_score":30,"question_id":360},{"id":419,"indicator_id":193,"question_score":25,"taxonomy_id":3,"ultimate_fields_id":4,"development_types_id":2,"indicator_score":25,"question_id":364},{"id":420,"indicator_id":194,"question_score":25,"taxonomy_id":3,"ultimate_fields_id":4,"development_types_id":2,"indicator_score":25,"question_id":365},{"id":421,"indicator_id":195,"question_score":25,"taxonomy_id":3,"ultimate_fields_id":4,"development_types_id":2,"indicator_score":25,"question_id":366},{"id":422,"indicator_id":196,"question_score":25,"taxonomy_id":3,"ultimate_fields_id":4,"development_types_id":2,"indicator_score":25,"question_id":367},{"id":423,"indicator_id":197,"question_score":25,"taxonomy_id":4,"ultimate_fields_id":4,"development_types_id":2,"indicator_score":25,"question_id":368},{"id":424,"indicator_id":198,"question_score":25,"taxonomy_id":4,"ultimate_fields_id":4,"development_types_id":2,"indicator_score":25,"question_id":369},{"id":425,"indicator_id":199,"question_score":25,"taxonomy_id":4,"ultimate_fields_id":4,"development_types_id":2,"indicator_score":25,"question_id":370},{"id":426,"indicator_id":200,"question_score":25,"taxonomy_id":4,"ultimate_fields_id":4,"development_types_id":2,"indicator_score":25,"question_id":371},{"id":427,"indicator_id":201,"question_score":20,"taxonomy_id":5,"ultimate_fields_id":4,"development_types_id":2,"indicator_score":40,"question_id":372},{"id":428,"indicator_id":201,"question_score":20,"taxonomy_id":5,"ultimate_fields_id":4,"development_types_id":2,"indicator_score":40,"question_id":373},{"id":429,"indicator_id":202,"question_score":20,"taxonomy_id":5,"ultimate_fields_id":4,"development_types_id":2,"indicator_score":20,"question_id":374},{"id":430,"indicator_id":203,"question_score":20,"taxonomy_id":5,"ultimate_fields_id":4,"development_types_id":2,"indicator_score":20,"question_id":375},{"id":431,"indicator_id":204,"question_score":20,"taxonomy_id":5,"ultimate_fields_id":4,"development_types_id":2,"indicator_score":20,"question_id":376},{"id":35,"indicator_id":15,"question_score":5,"taxonomy_id":2,"ultimate_fields_id":1,"development_types_id":1,"indicator_score":30,"question_id":5},{"id":70,"indicator_id":28,"question_score":15,"taxonomy_id":7,"ultimate_fields_id":1,"development_types_id":1,"indicator_score":15,"question_id":198}]