[{"id":1,"name":"Healthcare Governance","governance_id":1,"taxonomy_score":100},{"id":2,"name":"IT Governance","governance_id":1,"taxonomy_score":100},{"id":3,"name":"IT Workforce & Infrastructure","governance_id":1,"taxonomy_score":100},{"id":4,"name":"Healthcare workforce and Infrastructure","governance_id":1,"taxonomy_score":100},{"id":5,"name":"AI Workforce/Infrastructure","governance_id":1,"taxonomy_score":100},{"id":6,"name":"Digital Health (DH) Governance","governance_id":2,"taxonomy_score":100},{"id":8,"name":"Workforce (Technical and Health care)","governance_id":2,"taxonomy_score":100},{"id":9,"name":"Funding and resources","governance_id":2,"taxonomy_score":100},{"id":10,"name":"Legal rules","governance_id":2,"taxonomy_score":100},{"id":11,"name":"Research Program and funding","governance_id":2,"taxonomy_score":100},{"id":12,"name":"Literacy (patient+ workforce)","governance_id":2,"taxonomy_score":100},{"id":7,"name":"DH Infrastructure","governance_id":2,"taxonomy_score":100}]